Date,Temp
1832-01-01,-4.917
1832-02-01,-2.0580000000000003
1832-03-01,3.7
1832-04-01,10.723
1832-05-01,16.936
1832-06-01,21.505
1832-07-01,24.91
1832-08-01,21.024
1832-09-01,15.656
1832-10-01,9.495
1832-11-01,1.336
1832-12-01,-4.603
1833-01-01,-3.343
1833-02-01,-1.908
1833-03-01,3.395
1833-04-01,10.464
1833-05-01,15.808000000000002
1833-06-01,21.444000000000003
1833-07-01,23.541
1833-08-01,21.563
1833-09-01,15.241
1833-10-01,8.668
1833-11-01,5.422999999999999
1833-12-01,-1.113
1834-01-01,-6.055
1834-02-01,-2.28
1834-03-01,5.632999999999999
1834-04-01,10.130999999999998
1834-05-01,16.543
1834-06-01,20.654
1834-07-01,23.695
1834-08-01,21.585
1834-09-01,16.38
1834-10-01,9.398
1834-11-01,4.65
1834-12-01,-0.948
1835-01-01,-3.0
1835-02-01,-1.19
1835-03-01,3.659
1835-04-01,10.953
1835-05-01,15.43
1835-06-01,19.554
1835-07-01,22.891
1835-08-01,20.389
1835-09-01,14.226
1835-10-01,8.352
1835-11-01,1.4909999999999997
1835-12-01,-2.971
1836-01-01,-3.539
1836-02-01,-2.095
1836-03-01,5.404
1836-04-01,10.378
1836-05-01,15.868
1836-06-01,21.166
1836-07-01,23.179
1836-08-01,20.855
1836-09-01,15.402
1836-10-01,9.107
1836-11-01,2.0340000000000003
1836-12-01,-1.954
1837-01-01,-3.659
1837-02-01,-2.156
1837-03-01,3.569
1837-04-01,9.102
1837-05-01,16.257
1837-06-01,20.969
1837-07-01,23.285
1837-08-01,21.384
1837-09-01,15.803
1837-10-01,7.664999999999999
1837-11-01,1.958
1837-12-01,-2.326
1838-01-01,-8.267000000000001
1838-02-01,-2.15
1838-03-01,1.3929999999999998
1838-04-01,9.448
1838-05-01,16.128
1838-06-01,20.594
1838-07-01,23.81600000000001
1838-08-01,21.796999999999997
1838-09-01,14.548
1838-10-01,9.626
1838-11-01,3.691
1838-12-01,-2.372
1839-01-01,-3.671
1839-02-01,0.6509999999999999
1839-03-01,1.17
1839-04-01,10.693
1839-05-01,15.268
1839-06-01,20.498
1839-07-01,23.981
1839-08-01,21.823
1839-09-01,15.129
1839-10-01,8.273
1839-11-01,0.8449999999999998
1839-12-01,-6.033
1840-01-01,-3.692
1840-02-01,-3.305
1840-03-01,2.793
1840-04-01,11.436
1840-05-01,16.884
1840-06-01,21.904
1840-07-01,24.815
1840-08-01,22.237
1840-09-01,15.127
1840-10-01,7.874
1840-11-01,2.1519999999999997
1840-12-01,-2.7089999999999996
1841-01-01,-5.712000000000001
1841-02-01,-1.34
1841-03-01,1.41
1841-04-01,8.773
1841-05-01,16.602
1841-06-01,20.618
1841-07-01,24.059
1841-08-01,21.787
1841-09-01,15.251
1841-10-01,9.899
1841-11-01,2.082
1841-12-01,-3.929
1842-01-01,-4.302
1842-02-01,0.5289999999999999
1842-03-01,6.2029999999999985
1842-04-01,12.409
1842-05-01,16.084
1842-06-01,20.379
1842-07-01,22.821
1842-08-01,21.651999999999997
1842-09-01,14.877
1842-10-01,8.619
1842-11-01,2.902
1842-12-01,-0.947
1843-01-01,-3.689
1843-02-01,1.023
1843-03-01,5.522
1843-04-01,11.727
1843-05-01,16.761000000000006
1843-06-01,21.587
1843-07-01,24.178
1843-08-01,21.434
1843-09-01,16.482
1843-10-01,10.196
1843-11-01,2.721
1843-12-01,-1.868
1844-01-01,-2.901
1844-02-01,-2.251
1844-03-01,4.898
1844-04-01,9.262
1844-05-01,15.675
1844-06-01,21.406999999999996
1844-07-01,23.737
1844-08-01,21.053
1844-09-01,15.165
1844-10-01,9.293
1844-11-01,1.5719999999999998
1844-12-01,-4.317
1845-01-01,-3.604
1845-02-01,-3.4410000000000003
1845-03-01,4.66
1845-04-01,11.725
1845-05-01,16.994
1845-06-01,21.346
1845-07-01,23.493
1845-08-01,22.009
1845-09-01,16.066
1845-10-01,8.952
1845-11-01,2.55
1845-12-01,-4.798
1846-01-01,-4.507
1846-02-01,2.158
1846-03-01,5.667000000000001
1846-04-01,9.339
1846-05-01,17.201
1846-06-01,22.101
1846-07-01,24.084
1846-08-01,21.523000000000003
1846-09-01,16.225
1846-10-01,7.672000000000001
1846-11-01,2.669
1846-12-01,-0.1139999999999998
1847-01-01,-3.861
1847-02-01,0.7850000000000001
1847-03-01,2.847
1847-04-01,11.842
1847-05-01,16.219
1847-06-01,20.152
1847-07-01,24.211
1847-08-01,21.663
1847-09-01,16.18
1847-10-01,9.48
1847-11-01,3.773
1847-12-01,-5.83
1848-01-01,-8.312000000000001
1848-02-01,-2.222
1848-03-01,3.43
1848-04-01,11.396999999999998
1848-05-01,16.307000000000002
1848-06-01,21.079
1848-07-01,24.337
1848-08-01,21.933000000000003
1848-09-01,15.453
1848-10-01,9.044
1848-11-01,2.091
1848-12-01,-3.504
1849-01-01,-2.5329999999999995
1849-02-01,-1.4380000000000002
1849-03-01,5.5
1849-04-01,10.14
1849-05-01,15.623
1849-06-01,20.842
1849-07-01,24.461
1849-08-01,22.255
1849-09-01,15.07
1849-10-01,9.962
1849-11-01,1.953
1849-12-01,-3.791
1850-01-01,-7.634
1850-02-01,-0.8290000000000001
1850-03-01,5.83
1850-04-01,10.684
1850-05-01,15.514
1850-06-01,20.581
1850-07-01,24.151999999999997
1850-08-01,21.753
1850-09-01,16.391000000000002
1850-10-01,7.438
1850-11-01,2.963
1850-12-01,-1.766
1851-01-01,-4.847
1851-02-01,-1.199
1851-03-01,3.382
1851-04-01,8.838
1851-05-01,17.093
1851-06-01,22.116999999999997
1851-07-01,23.267
1851-08-01,22.0
1851-09-01,16.456
1851-10-01,9.435
1851-11-01,2.036
1851-12-01,-0.465
1852-01-01,-4.2780000000000005
1852-02-01,-2.947
1852-03-01,2.842
1852-04-01,11.255999999999998
1852-05-01,17.68
1852-06-01,20.855
1852-07-01,23.862
1852-08-01,21.904
1852-09-01,16.371
1852-10-01,9.917
1852-11-01,1.6869999999999998
1852-12-01,-1.026
1853-01-01,-5.34
1853-02-01,-3.8
1853-03-01,4.442
1853-04-01,9.634
1853-05-01,17.327
1853-06-01,21.113000000000003
1853-07-01,23.997
1853-08-01,23.02
1853-09-01,16.541
1853-10-01,9.101
1853-11-01,1.1199999999999997
1853-12-01,-2.779
1854-01-01,-5.1389999999999985
1854-02-01,-1.105
1854-03-01,4.373
1854-04-01,10.233
1854-05-01,16.797
1854-06-01,20.344
1854-07-01,23.979
1854-08-01,22.08
1854-09-01,16.872
1854-10-01,10.496
1854-11-01,3.791
1854-12-01,-0.8049999999999999
1855-01-01,-3.537
1855-02-01,1.839
1855-03-01,5.0680000000000005
1855-04-01,12.952
1855-05-01,18.043
1855-06-01,20.813
1855-07-01,23.327
1855-08-01,22.544
1855-09-01,15.743
1855-10-01,9.31
1855-11-01,2.435
1855-12-01,-2.4450000000000003
1856-01-01,-2.975
1856-02-01,-1.473
1856-03-01,4.195
1856-04-01,10.443
1856-05-01,16.758000000000006
1856-06-01,21.03
1856-07-01,23.983
1856-08-01,21.633000000000003
1856-09-01,15.888
1856-10-01,8.374
1856-11-01,2.653
1856-12-01,0.147
1857-01-01,-3.344
1857-02-01,-4.04
1857-03-01,3.4410000000000003
1857-04-01,9.653
1857-05-01,16.237000000000002
1857-06-01,20.252
1857-07-01,23.737
1857-08-01,22.298
1857-09-01,16.121
1857-10-01,8.027000000000001
1857-11-01,1.5499999999999998
1857-12-01,-1.974
1858-01-01,-3.875
1858-02-01,-1.76
1858-03-01,3.641
1858-04-01,12.327
1858-05-01,17.439
1858-06-01,21.375
1858-07-01,23.814
1858-08-01,21.011999999999997
1858-09-01,15.319
1858-10-01,9.245
1858-11-01,4.787
1858-12-01,-3.4339999999999997
1859-01-01,-4.144
1859-02-01,-1.3969999999999998
1859-03-01,4.906000000000001
1859-04-01,13.119000000000002
1859-05-01,16.745
1859-06-01,22.058000000000003
1859-07-01,24.614
1859-08-01,21.275
1859-09-01,16.599
1859-10-01,10.758
1859-11-01,3.775
1859-12-01,-2.438
1860-01-01,-5.625
1860-02-01,-2.381
1860-03-01,-0.2869999999999999
1860-04-01,10.657
1860-05-01,18.065
1860-06-01,21.519
1860-07-01,24.429
1860-08-01,22.398000000000003
1860-09-01,17.137999999999998
1860-10-01,9.603
1860-11-01,2.182
1860-12-01,-6.8420000000000005
1861-01-01,-6.5089999999999995
1861-02-01,-3.62
1861-03-01,3.51
1861-04-01,10.662
1861-05-01,17.357
1861-06-01,20.341
1861-07-01,24.33
1861-08-01,22.125
1861-09-01,16.423000000000002
1861-10-01,8.279
1861-11-01,4.617
1861-12-01,-1.61
1862-01-01,-6.292999999999998
1862-02-01,-2.5340000000000003
1862-03-01,3.661
1862-04-01,10.501
1862-05-01,16.226000000000006
1862-06-01,21.089
1862-07-01,23.94
1862-08-01,21.544
1862-09-01,16.315
1862-10-01,8.458
1862-11-01,2.029
1862-12-01,-5.279
1863-01-01,-2.267
1863-02-01,0.9260000000000002
1863-03-01,4.503
1863-04-01,11.52
1863-05-01,18.516
1863-06-01,21.309
1863-07-01,24.322
1863-08-01,21.925
1863-09-01,15.032
1863-10-01,8.844999999999997
1863-11-01,2.843
1863-12-01,-3.324
1864-01-01,-3.893
1864-02-01,-5.097
1864-03-01,2.154
1864-04-01,10.398
1864-05-01,16.907
1864-06-01,22.165
1864-07-01,24.754
1864-08-01,22.405
1864-09-01,16.146
1864-10-01,9.849
1864-11-01,2.4019999999999997
1864-12-01,-4.814
1865-01-01,-3.173
1865-02-01,-2.9389999999999996
1865-03-01,2.592
1865-04-01,10.809
1865-05-01,16.367
1865-06-01,22.411
1865-07-01,23.373
1865-08-01,22.105
1865-09-01,16.244
1865-10-01,8.947000000000001
1865-11-01,3.429
1865-12-01,-3.791
1866-01-01,-4.003
1866-02-01,-2.798
1866-03-01,2.372
1866-04-01,9.493
1866-05-01,17.1
1866-06-01,21.051
1866-07-01,24.564
1866-08-01,22.746
1866-09-01,15.461
1866-10-01,8.446
1866-11-01,3.385
1866-12-01,0.0569999999999999
1867-01-01,-3.691
1867-02-01,-2.756
1867-03-01,5.5920000000000005
1867-04-01,12.56
1867-05-01,16.320999999999998
1867-06-01,21.454
1867-07-01,23.914
1867-08-01,22.149
1867-09-01,16.338
1867-10-01,9.12
1867-11-01,6.899
1867-12-01,0.474
1868-01-01,-3.83
1868-02-01,-2.111
1868-03-01,1.883
1868-04-01,11.937
1868-05-01,16.832
1868-06-01,21.064
1868-07-01,24.116
1868-08-01,21.651999999999997
1868-09-01,16.52
1868-10-01,9.266
1868-11-01,4.615
1868-12-01,-3.366
1869-01-01,-4.791
1869-02-01,1.4
1869-03-01,1.4509999999999998
1869-04-01,10.464
1869-05-01,16.522000000000002
1869-06-01,21.778
1869-07-01,24.101
1869-08-01,21.838
1869-09-01,17.801000000000005
1869-10-01,8.969999999999997
1869-11-01,3.279
1869-12-01,-4.239
1870-01-01,-6.0520000000000005
1870-02-01,-2.553
1870-03-01,6.665
1870-04-01,11.821
1870-05-01,17.335
1870-06-01,22.876
1870-07-01,23.761
1870-08-01,22.538
1870-09-01,17.961
1870-10-01,8.87
1870-11-01,2.245
1870-12-01,-3.802
1871-01-01,-6.21
1871-02-01,-3.5410000000000004
1871-03-01,3.48
1871-04-01,12.983999999999998
1871-05-01,17.7
1871-06-01,21.274
1871-07-01,23.401
1871-08-01,22.872
1871-09-01,16.384
1871-10-01,10.063
1871-11-01,2.344
1871-12-01,-2.249
1872-01-01,-5.666
1872-02-01,-3.627
1872-03-01,5.084
1872-04-01,12.107
1872-05-01,17.812
1872-06-01,20.498
1872-07-01,24.78
1872-08-01,21.712
1872-09-01,16.605999999999998
1872-10-01,10.273
1872-11-01,3.457
1872-12-01,-0.276
1873-01-01,-4.152
1873-02-01,-1.814
1873-03-01,4.064
1873-04-01,10.135
1873-05-01,17.336000000000002
1873-06-01,21.17
1873-07-01,24.441999999999997
1873-08-01,22.075
1873-09-01,16.038
1873-10-01,10.066
1873-11-01,5.89
1873-12-01,0.3660000000000001
1874-01-01,-3.26
1874-02-01,-0.996
1874-03-01,3.321
1874-04-01,12.499
1874-05-01,18.22
1874-06-01,21.491
1874-07-01,23.217
1874-08-01,22.745
1874-09-01,17.873
1874-10-01,8.454
1874-11-01,3.489
1874-12-01,-2.053
1875-01-01,-4.026
1875-02-01,-3.622
1875-03-01,6.086
1875-04-01,14.068
1875-05-01,16.722
1875-06-01,21.994
1875-07-01,24.593000000000004
1875-08-01,22.116999999999997
1875-09-01,16.707
1875-10-01,8.357999999999999
1875-11-01,2.562
1875-12-01,-1.589
1876-01-01,-5.055
1876-02-01,-2.306
1876-03-01,3.0460000000000003
1876-04-01,11.102
1876-05-01,17.239
1876-06-01,21.259
1876-07-01,23.951
1876-08-01,22.206999999999997
1876-09-01,16.66
1876-10-01,8.652999999999999
1876-11-01,1.243
1876-12-01,-1.744
1877-01-01,-4.259
1877-02-01,-3.5039999999999996
1877-03-01,6.792999999999999
1877-04-01,10.787999999999998
1877-05-01,16.136000000000006
1877-06-01,20.632
1877-07-01,24.451
1877-08-01,23.373
1877-09-01,17.93
1877-10-01,8.92
1877-11-01,2.813
1877-12-01,-5.5699999999999985
1878-01-01,-5.577000000000001
1878-02-01,-1.053
1878-03-01,6.795
1878-04-01,11.243
1878-05-01,16.092000000000002
1878-06-01,21.823
1878-07-01,24.539
1878-08-01,21.947
1878-09-01,17.111
1878-10-01,9.208
1878-11-01,3.639
1878-12-01,-2.608
1879-01-01,-3.6
1879-02-01,1.09
1879-03-01,6.064
1879-04-01,13.309
1879-05-01,18.24
1879-06-01,21.953000000000003
1879-07-01,24.44
1879-08-01,22.109
1879-09-01,16.327
1879-10-01,9.397
1879-11-01,1.347
1879-12-01,-1.725
1880-01-01,-3.962
1880-02-01,-2.957
1880-03-01,7.778
1880-04-01,10.643
1880-05-01,17.518
1880-06-01,22.453000000000003
1880-07-01,23.149
1880-08-01,22.203000000000003
1880-09-01,16.269000000000002
1880-10-01,11.043
1880-11-01,4.0939999999999985
1880-12-01,-1.003
1881-01-01,0.9950000000000006
1881-02-01,0.407
1881-03-01,6.237
1881-04-01,14.532
1881-05-01,17.900000000000006
1881-06-01,21.636999999999997
1881-07-01,24.035
1881-08-01,23.275
1881-09-01,16.764
1881-10-01,8.644
1881-11-01,1.3129999999999995
1881-12-01,-8.479000000000001
1882-01-01,-7.689
1882-02-01,-5.907
1882-03-01,1.1029999999999998
1882-04-01,11.078
1882-05-01,17.393
1882-06-01,23.206999999999997
1882-07-01,23.294
1882-08-01,23.452
1882-09-01,16.379
1882-10-01,6.476
1882-11-01,3.94
1882-12-01,-0.278
1883-01-01,-6.94
1883-02-01,-9.363
1883-03-01,6.111000000000001
1883-04-01,12.127999999999998
1883-05-01,18.718
1883-06-01,22.989
1883-07-01,24.331
1883-08-01,23.164
1883-09-01,15.989
1883-10-01,8.105
1883-11-01,0.633
1883-12-01,-1.068
1884-01-01,-2.7139999999999995
1884-02-01,-2.636
1884-03-01,1.4269999999999998
1884-04-01,11.773
1884-05-01,16.580000000000002
1884-06-01,22.074
1884-07-01,23.097
1884-08-01,21.046999999999997
1884-09-01,15.655
1884-10-01,7.034
1884-11-01,0.1779999999999999
1884-12-01,-1.339
1885-01-01,-7.699999999999998
1885-02-01,-5.1400000000000015
1885-03-01,5.21
1885-04-01,11.268999999999998
1885-05-01,16.974
1885-06-01,21.178
1885-07-01,21.667
1885-08-01,22.708
1885-09-01,17.201
1885-10-01,9.694
1885-11-01,3.563
1885-12-01,-2.9389999999999996
1886-01-01,-4.222
1886-02-01,-8.701
1886-03-01,3.668
1886-04-01,8.879
1886-05-01,14.757
1886-06-01,20.826
1886-07-01,23.69
1886-08-01,21.996
1886-09-01,15.353
1886-10-01,7.8279999999999985
1886-11-01,0.8219999999999996
1886-12-01,-3.989
1887-01-01,-7.55
1887-02-01,-4.800000000000002
1887-03-01,3.341
1887-04-01,12.988
1887-05-01,15.406
1887-06-01,21.341
1887-07-01,23.318
1887-08-01,22.052
1887-09-01,16.32
1887-10-01,11.798
1887-11-01,4.611000000000001
1887-12-01,0.1599999999999999
1888-01-01,-0.7599999999999998
1888-02-01,0.7370000000000001
1888-03-01,6.931
1888-04-01,11.117
1888-05-01,18.391
1888-06-01,21.877
1888-07-01,25.684
1888-08-01,22.713
1888-09-01,15.915
1888-10-01,11.922
1888-11-01,3.895
1888-12-01,-1.891
1889-01-01,-9.033
1889-02-01,-0.0829999999999999
1889-03-01,6.313
1889-04-01,12.129
1889-05-01,14.361
1889-06-01,23.804
1889-07-01,24.15
1889-08-01,22.296999999999997
1889-09-01,17.616
1889-10-01,7.558999999999998
1889-11-01,0.7169999999999996
1889-12-01,-4.7330000000000005
1890-01-01,-6.769
1890-02-01,-5.558
1890-03-01,2.8280000000000003
1890-04-01,11.626
1890-05-01,16.62
1890-06-01,22.474
1890-07-01,24.708
1890-08-01,21.554
1890-09-01,17.493
1890-10-01,10.214
1890-11-01,4.428
1890-12-01,-3.254
1891-01-01,-7.439999999999999
1891-02-01,-8.652999999999999
1891-03-01,1.978
1891-04-01,10.461
1891-05-01,16.913
1891-06-01,21.026
1891-07-01,23.288
1891-08-01,22.75
1891-09-01,17.656
1891-10-01,8.1
1891-11-01,3.976
1891-12-01,0.407
1892-01-01,-2.002
1892-02-01,0.5759999999999998
1892-03-01,2.055
1892-04-01,11.509
1892-05-01,17.605999999999998
1892-06-01,20.926
1892-07-01,23.266
1892-08-01,21.523000000000003
1892-09-01,15.805
1892-10-01,9.089
1892-11-01,1.6509999999999998
1892-12-01,-0.478
1893-01-01,-8.031
1893-02-01,-4.529
1893-03-01,5.2589999999999995
1893-04-01,12.275
1893-05-01,17.694000000000006
1893-06-01,23.293000000000003
1893-07-01,23.677
1893-08-01,21.677
1893-09-01,19.111
1893-10-01,8.172
1893-11-01,4.175
1893-12-01,0.4370000000000001
1894-01-01,-7.7810000000000015
1894-02-01,0.609
1894-03-01,5.843999999999999
1894-04-01,9.719
1894-05-01,16.814
1894-06-01,22.87
1894-07-01,24.075
1894-08-01,21.322
1894-09-01,17.551000000000002
1894-10-01,8.017999999999999
1894-11-01,1.5139999999999998
1894-12-01,-4.3839999999999995
1895-01-01,-8.897
1895-02-01,1.057
1895-03-01,8.419
1895-04-01,13.005
1895-05-01,17.225
1895-06-01,21.635
1895-07-01,23.731
1895-08-01,21.016
1895-09-01,16.84
1895-10-01,8.405
1895-11-01,1.897
1895-12-01,-1.3130000000000002
1896-01-01,0.9070000000000004
1896-02-01,0.149
1896-03-01,6.132999999999999
1896-04-01,9.307
1896-05-01,17.875
1896-06-01,21.229
1896-07-01,23.55
1896-08-01,21.569000000000003
1896-09-01,16.045
1896-10-01,8.712
1896-11-01,1.1949999999999998
1896-12-01,-2.9419999999999997
1897-01-01,-6.492999999999999
1897-02-01,-1.163
1897-03-01,2.45
1897-04-01,9.879
1897-05-01,16.12
1897-06-01,20.332
1897-07-01,24.112
1897-08-01,21.876
1897-09-01,18.059
1897-10-01,8.844999999999997
1897-11-01,4.656000000000001
1897-12-01,-1.116
1898-01-01,-6.135
1898-02-01,-4.118
1898-03-01,-0.9779999999999998
1898-04-01,9.294999999999998
1898-05-01,16.355999999999998
1898-06-01,20.526999999999997
1898-07-01,23.365
1898-08-01,20.531
1898-09-01,16.009
1898-10-01,10.262
1898-11-01,0.379
1898-12-01,-1.5
1899-01-01,-3.032
1899-02-01,2.266
1899-03-01,7.551
1899-04-01,11.848
1899-05-01,17.877000000000006
1899-06-01,23.176
1899-07-01,23.425
1899-08-01,23.127
1899-09-01,16.944000000000003
1899-10-01,11.314
1899-11-01,2.245
1899-12-01,-3.887
1900-01-01,-11.311
1900-02-01,-6.2029999999999985
1900-03-01,5.909
1900-04-01,9.412
1900-05-01,19.043
1900-06-01,21.175
1900-07-01,24.101
1900-08-01,21.448
1900-09-01,16.655
1900-10-01,10.257
1900-11-01,4.342
1900-12-01,-0.4129999999999999
1901-01-01,-4.7639999999999985
1901-02-01,-1.58
1901-03-01,6.892
1901-04-01,11.486999999999998
1901-05-01,16.155
1901-06-01,18.973
1901-07-01,23.084
1901-08-01,21.042
1901-09-01,16.808
1901-10-01,5.917999999999999
1901-11-01,5.019
1901-12-01,0.088
1902-01-01,-0.7529999999999997
1902-02-01,-0.4520000000000001
1902-03-01,4.478
1902-04-01,9.378
1902-05-01,17.442
1902-06-01,22.763
1902-07-01,22.525
1902-08-01,21.757
1902-09-01,16.528
1902-10-01,9.439
1902-11-01,2.8280000000000003
1902-12-01,-0.0649999999999999
1903-01-01,-5.225
1903-02-01,-1.3130000000000002
1903-03-01,-1.1399999999999997
1903-04-01,8.591999999999999
1903-05-01,15.251
1903-06-01,20.627
1903-07-01,22.225
1903-08-01,21.586
1903-09-01,17.074
1903-10-01,10.355
1903-11-01,2.307
1903-12-01,-3.3600000000000003
1904-01-01,-9.186
1904-02-01,0.9169999999999998
1904-03-01,5.315
1904-04-01,9.456
1904-05-01,17.426000000000002
1904-06-01,21.656
1904-07-01,22.81
1904-08-01,21.516
1904-09-01,15.64
1904-10-01,6.781000000000001
1904-11-01,5.393
1904-12-01,0.4750000000000001
1905-01-01,-5.367000000000001
1905-02-01,-6.691000000000002
1905-03-01,-0.742
1905-04-01,9.998
1905-05-01,16.371000000000002
1905-06-01,21.037
1905-07-01,23.237
1905-08-01,21.316
1905-09-01,17.414
1905-10-01,12.236
1905-11-01,4.582
1905-12-01,-1.725
1906-01-01,-6.18
1906-02-01,-3.1719999999999997
1906-03-01,4.474
1906-04-01,8.581999999999999
1906-05-01,16.828
1906-06-01,22.868
1906-07-01,22.968000000000004
1906-08-01,22.524
1906-09-01,16.552
1906-10-01,10.091
1906-11-01,4.134
1906-12-01,1.0679999999999998
1907-01-01,-3.002
1907-02-01,-3.233
1907-03-01,2.969
1907-04-01,12.132
1907-05-01,14.962000000000002
1907-06-01,19.337
1907-07-01,23.186
1907-08-01,21.86
1907-09-01,15.322
1907-10-01,6.827000000000001
1907-11-01,1.973
1907-12-01,-1.225
1908-01-01,-3.198
1908-02-01,-3.072
1908-03-01,2.051
1908-04-01,10.932
1908-05-01,16.403000000000002
1908-06-01,20.721
1908-07-01,24.408
1908-08-01,21.809
1908-09-01,16.88
1908-10-01,7.077000000000001
1908-11-01,5.081
1908-12-01,-1.144
1909-01-01,-7.1549999999999985
1909-02-01,-0.91
1909-03-01,5.211
1909-04-01,13.874
1909-05-01,17.208000000000002
1909-06-01,21.015
1909-07-01,22.914
1909-08-01,22.241999999999997
1909-09-01,17.008
1909-10-01,8.923
1909-11-01,7.541
1909-12-01,0.8600000000000001
1910-01-01,-0.6419999999999999
1910-02-01,-0.177
1910-03-01,2.924
1910-04-01,10.167
1910-05-01,18.453
1910-06-01,21.401999999999997
1910-07-01,24.798
1910-08-01,22.533
1910-09-01,16.428
1910-10-01,8.732999999999999
1910-11-01,2.556
1910-12-01,-6.893
1911-01-01,-3.976
1911-02-01,-0.4320000000000001
1911-03-01,4.058
1911-04-01,11.335
1911-05-01,17.254
1911-06-01,22.613000000000003
1911-07-01,22.719
1911-08-01,21.256
1911-09-01,16.643
1911-10-01,7.1549999999999985
1911-11-01,1.592
1911-12-01,-4.861000000000001
1912-01-01,-2.948
1912-02-01,0.3539999999999999
1912-03-01,4.181
1912-04-01,13.361
1912-05-01,16.508000000000006
1912-06-01,22.313
1912-07-01,23.701
1912-08-01,20.851
1912-09-01,15.307
1912-10-01,10.992
1912-11-01,2.645
1912-12-01,-1.604
1913-01-01,-1.7649999999999997
1913-02-01,-2.4290000000000003
1913-03-01,2.59
1913-04-01,8.791999999999998
1913-05-01,18.471
1913-06-01,21.49
1913-07-01,24.935
1913-08-01,21.022
1913-09-01,17.136
1913-10-01,10.248
1913-11-01,3.215
1913-12-01,0.6420000000000001
1914-01-01,0.7690000000000006
1914-02-01,0.0469999999999999
1914-03-01,5.505
1914-04-01,11.933
1914-05-01,16.704
1914-06-01,23.221
1914-07-01,23.837
1914-08-01,22.496
1914-09-01,18.223
1914-10-01,9.632
1914-11-01,4.134
1914-12-01,-3.574
1915-01-01,-1.48
1915-02-01,-1.134
1915-03-01,8.698
1915-04-01,11.717
1915-05-01,18.826
1915-06-01,23.175
1915-07-01,23.037
1915-08-01,23.088
1915-09-01,19.064
1915-10-01,10.014
1915-11-01,5.69
1915-12-01,0.77
1916-01-01,-2.599
1916-02-01,-4.852
1916-03-01,5.327000000000001
1916-04-01,13.306
1916-05-01,18.017
1916-06-01,19.703
1916-07-01,23.725
1916-08-01,23.849
1916-09-01,17.298000000000002
1916-10-01,9.357
1916-11-01,-1.589
1916-12-01,-2.205
1917-01-01,0.0070000000000001
1917-02-01,2.36
1917-03-01,4.921
1917-04-01,12.13
1917-05-01,21.074
1917-06-01,20.67
1917-07-01,23.792
1917-08-01,23.052
1917-09-01,17.637999999999998
1917-10-01,8.795
1917-11-01,2.8310000000000004
1917-12-01,-3.3510000000000004
1918-01-01,-3.66
1918-02-01,-2.412
1918-03-01,3.302
1918-04-01,10.204
1918-05-01,18.253
1918-06-01,22.578000000000003
1918-07-01,23.956
1918-08-01,23.305
1918-09-01,17.544
1918-10-01,10.669
1918-11-01,1.286
1918-12-01,-5.767
1919-01-01,-9.862
1919-02-01,-1.6230000000000002
1919-03-01,3.157
1919-04-01,13.566
1919-05-01,17.248
1919-06-01,20.952
1919-07-01,23.430999999999997
1919-08-01,22.501
1919-09-01,15.272
1919-10-01,10.684
1919-11-01,4.566
1919-12-01,-0.5429999999999999
1920-01-01,-1.7380000000000002
1920-02-01,-5.209
1920-03-01,3.744
1920-04-01,8.289
1920-05-01,15.088
1920-06-01,21.515
1920-07-01,23.084
1920-08-01,21.223000000000003
1920-09-01,16.394000000000002
1920-10-01,10.085
1920-11-01,0.8799999999999999
1920-12-01,-9.522
1921-01-01,-5.0760000000000005
1921-02-01,-1.976
1921-03-01,1.4209999999999998
1921-04-01,11.965
1921-05-01,14.63
1921-06-01,19.833
1921-07-01,23.4
1921-08-01,20.451
1921-09-01,15.87
1921-10-01,10.116
1921-11-01,3.678
1921-12-01,-0.5539999999999999
1922-01-01,-2.201
1922-02-01,-0.4340000000000001
1922-03-01,6.08
1922-04-01,12.552
1922-05-01,16.773
1922-06-01,21.374
1922-07-01,23.856
1922-08-01,21.761999999999997
1922-09-01,17.141000000000002
1922-10-01,10.547
1922-11-01,5.47
1922-12-01,0.6140000000000001
1923-01-01,-3.715
1923-02-01,-1.743
1923-03-01,5.132999999999999
1923-04-01,10.848999999999998
1923-05-01,16.795
1923-06-01,22.331
1923-07-01,22.716
1923-08-01,23.792
1923-09-01,14.59
1923-10-01,9.816
1923-11-01,3.599
1923-12-01,-3.879
1924-01-01,-3.139
1924-02-01,-0.074
1924-03-01,4.9510000000000005
1924-04-01,11.970999999999998
1924-05-01,14.033
1924-06-01,20.849
1924-07-01,24.638
1924-08-01,22.711
1924-09-01,16.507
1924-10-01,10.556
1924-11-01,3.303
1924-12-01,-2.5839999999999996
1925-01-01,-5.705
1925-02-01,-5.135
1925-03-01,6.752999999999999
1925-04-01,11.406
1925-05-01,17.915000000000006
1925-06-01,22.381
1925-07-01,24.81600000000001
1925-08-01,22.375
1925-09-01,17.215
1925-10-01,11.393
1925-11-01,3.196
1925-12-01,2.8989999999999996
1926-01-01,-1.012
1926-02-01,-0.1800000000000001
1926-03-01,6.377000000000001
1926-04-01,9.271999999999998
1926-05-01,17.706
1926-06-01,21.043000000000003
1926-07-01,22.934
1926-08-01,23.406999999999996
1926-09-01,17.385
1926-10-01,9.394
1926-11-01,-0.6760000000000006
1926-12-01,-0.21
1927-01-01,-7.227
1927-02-01,-2.309
1927-03-01,2.154
1927-04-01,13.041
1927-05-01,17.604
1927-06-01,22.56
1927-07-01,25.04
1927-08-01,22.308000000000003
1927-09-01,16.843
1927-10-01,12.43
1927-11-01,3.245
1927-12-01,-1.04
1928-01-01,-7.158
1928-02-01,-2.0980000000000003
1928-03-01,0.851
1928-04-01,10.643999999999998
1928-05-01,17.779
1928-06-01,22.581999999999997
1928-07-01,23.205
1928-08-01,21.27
1928-09-01,15.014
1928-10-01,9.409
1928-11-01,4.822
1928-12-01,-2.6839999999999997
1929-01-01,-8.908999999999997
1929-02-01,-3.991
1929-03-01,5.727
1929-04-01,14.512999999999998
1929-05-01,16.035999999999998
1929-06-01,20.792
1929-07-01,23.786
1929-08-01,21.984
1929-09-01,17.762
1929-10-01,7.603
1929-11-01,3.1
1929-12-01,-9.612
1930-01-01,-10.441
1930-02-01,-4.627000000000002
1930-03-01,4.422
1930-04-01,9.994
1930-05-01,17.247
1930-06-01,22.575
1930-07-01,25.426
1930-08-01,21.471
1930-09-01,14.819
1930-10-01,9.146
1930-11-01,6.065
1930-12-01,-5.199
1931-01-01,-4.938
1931-02-01,-8.375
1931-03-01,4.7
1931-04-01,12.380999999999998
1931-05-01,15.349
1931-06-01,21.0
1931-07-01,23.511
1931-08-01,22.125
1931-09-01,18.574
1931-10-01,9.883
1931-11-01,1.154
1931-12-01,-2.65
1932-01-01,-2.8310000000000004
1932-02-01,-2.3819999999999997
1932-03-01,7.252999999999999
1932-04-01,13.896999999999998
1932-05-01,16.272000000000002
1932-06-01,21.651
1932-07-01,24.81900000000001
1932-08-01,20.476
1932-09-01,16.667
1932-10-01,8.347000000000001
1932-11-01,0.5939999999999999
1932-12-01,-8.168000000000001
1933-01-01,-9.658
1933-02-01,-1.093
1933-03-01,1.872
1933-04-01,12.265
1933-05-01,18.603
1933-06-01,21.09
1933-07-01,25.23
1933-08-01,23.291
1933-09-01,16.803
1933-10-01,9.443
1933-11-01,4.209
1933-12-01,-1.227
1934-01-01,-10.833
1934-02-01,0.0659999999999998
1934-03-01,4.972
1934-04-01,9.265999999999998
1934-05-01,13.485
1934-06-01,21.558000000000003
1934-07-01,22.544
1934-08-01,22.561
1934-09-01,14.481
1934-10-01,8.766
1934-11-01,0.9019999999999996
1934-12-01,-0.75
1935-01-01,-9.875
1935-02-01,0.7989999999999999
1935-03-01,3.774
1935-04-01,11.44
1935-05-01,16.827
1935-06-01,19.376
1935-07-01,23.976999999999997
1935-08-01,23.592
1935-09-01,15.67
1935-10-01,10.705
1935-11-01,0.2729999999999997
1935-12-01,-3.302
1936-01-01,-5.525
1936-02-01,0.0469999999999999
1936-03-01,2.112
1936-04-01,10.784
1936-05-01,17.349
1936-06-01,22.256
1936-07-01,23.002
1936-08-01,20.357
1936-09-01,17.465
1936-10-01,13.067
1936-11-01,4.9209999999999985
1936-12-01,-2.903
1937-01-01,-6.377999999999999
1937-02-01,-0.002
1937-03-01,2.97
1937-04-01,8.776
1937-05-01,16.646
1937-06-01,21.636999999999997
1937-07-01,24.433000000000003
1937-08-01,22.678
1937-09-01,18.074
1937-10-01,10.142
1937-11-01,-0.0070000000000001
1937-12-01,-3.981
1938-01-01,-1.927
1938-02-01,1.2519999999999998
1938-03-01,2.927
1938-04-01,13.948
1938-05-01,19.805
1938-06-01,21.196
1938-07-01,22.746
1938-08-01,22.169
1938-09-01,16.683
1938-10-01,9.992
1938-11-01,2.715
1938-12-01,-2.515
1939-01-01,-2.754
1939-02-01,-0.024
1939-03-01,3.848
1939-04-01,8.995999999999997
1939-05-01,17.903000000000006
1939-06-01,23.347
1939-07-01,24.776
1939-08-01,22.045
1939-09-01,16.686
1939-10-01,9.501
1939-11-01,4.551
1939-12-01,3.0200000000000005
1940-01-01,-1.4659999999999995
1940-02-01,1.189
1940-03-01,4.292
1940-04-01,13.75
1940-05-01,16.426000000000002
1940-06-01,23.281999999999996
1940-07-01,24.906
1940-08-01,22.048
1940-09-01,17.089000000000002
1940-10-01,11.784
1940-11-01,4.368
1940-12-01,0.957
1941-01-01,-3.755
1941-02-01,2.8310000000000004
1941-03-01,8.152999999999999
1941-04-01,12.975
1941-05-01,19.031
1941-06-01,23.781
1941-07-01,23.072
1941-08-01,22.936
1941-09-01,17.387999999999998
1941-10-01,13.184
1941-11-01,3.982
1941-12-01,-0.485
1942-01-01,-2.518
1942-02-01,-2.964
1942-03-01,5.2170000000000005
1942-04-01,11.068
1942-05-01,17.713
1942-06-01,22.144
1942-07-01,24.667
1942-08-01,21.535
1942-09-01,16.122
1942-10-01,11.089
1942-11-01,5.397
1942-12-01,-0.4149999999999999
1943-01-01,-3.659
1943-02-01,-2.5940000000000003
1943-03-01,2.7
1943-04-01,10.605
1943-05-01,16.92
1943-06-01,20.975
1943-07-01,25.413
1943-08-01,22.615
1943-09-01,16.32
1943-10-01,8.375
1943-11-01,2.077
1943-12-01,-0.83
1944-01-01,-1.894
1944-02-01,2.326
1944-03-01,9.807
1944-04-01,12.896
1944-05-01,19.489
1944-06-01,22.046
1944-07-01,26.539
1944-08-01,22.651999999999997
1944-09-01,16.567999999999998
1944-10-01,9.444
1944-11-01,3.287
1944-12-01,-8.665000000000001
1945-01-01,-5.632000000000001
1945-02-01,-5.707000000000002
1945-03-01,2.065
1945-04-01,12.265
1945-05-01,16.750999999999998
1945-06-01,21.564
1945-07-01,23.327
1945-08-01,23.962
1945-09-01,17.294
1945-10-01,11.74
1945-11-01,2.147
1945-12-01,-1.618
1946-01-01,-3.253
1946-02-01,2.955
1946-03-01,5.787999999999999
1946-04-01,12.82
1946-05-01,19.375
1946-06-01,20.995
1946-07-01,23.245
1946-08-01,21.816999999999997
1946-09-01,17.729
1946-10-01,12.184
1946-11-01,1.0069999999999997
1946-12-01,-6.621
1947-01-01,-3.879
1947-02-01,-0.082
1947-03-01,10.116
1947-04-01,12.951
1947-05-01,16.512
1947-06-01,20.073
1947-07-01,23.171
1947-08-01,23.299
1947-09-01,17.201
1947-10-01,10.212
1947-11-01,7.317
1947-12-01,-1.039
1948-01-01,0.23
1948-02-01,0.7709999999999999
1948-03-01,4.2139999999999995
1948-04-01,10.352
1948-05-01,17.416
1948-06-01,21.544
1948-07-01,25.180999999999997
1948-08-01,22.862
1948-09-01,15.916
1948-10-01,9.675
1948-11-01,3.805
1948-12-01,-5.3599999999999985
1949-01-01,-6.199
1949-02-01,-0.805
1949-03-01,3.732
1949-04-01,11.441
1949-05-01,16.143
1949-06-01,20.05
1949-07-01,23.752
1949-08-01,21.649
1949-09-01,14.85
1949-10-01,7.154
1949-11-01,1.227
1949-12-01,-2.014
1950-01-01,-5.242999999999999
1950-02-01,-3.751
1950-03-01,6.557
1950-04-01,10.624
1950-05-01,18.711
1950-06-01,22.313
1950-07-01,24.084
1950-08-01,22.413
1950-09-01,16.29
1950-10-01,10.016
1950-11-01,-1.1140000000000003
1950-12-01,-7.608
1951-01-01,-5.745
1951-02-01,-7.244
1951-03-01,2.5340000000000003
1951-04-01,12.553999999999998
1951-05-01,17.665000000000006
1951-06-01,19.567
1951-07-01,23.359
1951-08-01,22.43
1951-09-01,17.914
1951-10-01,10.925
1951-11-01,3.286
1951-12-01,1.6130000000000002
1952-01-01,-1.461
1952-02-01,2.514
1952-03-01,4.792
1952-04-01,11.954999999999998
1952-05-01,16.294
1952-06-01,21.348000000000003
1952-07-01,24.584
1952-08-01,23.288
1952-09-01,16.705000000000002
1952-10-01,10.298
1952-11-01,-0.6099999999999999
1952-12-01,-3.697
1953-01-01,-1.7119999999999995
1953-02-01,3.435
1953-03-01,4.295
1953-04-01,10.729
1953-05-01,18.054
1953-06-01,21.682
1953-07-01,24.978
1953-08-01,21.962
1953-09-01,17.76
1953-10-01,7.303999999999999
1953-11-01,0.5149999999999997
1953-12-01,-3.0980000000000003
1954-01-01,-4.666
1954-02-01,-3.252
1954-03-01,1.4379999999999995
1954-04-01,12.55
1954-05-01,16.371000000000002
1954-06-01,19.716
1954-07-01,23.371
1954-08-01,21.997
1954-09-01,17.298000000000002
1954-10-01,11.449000000000002
1954-11-01,2.127
1954-12-01,-4.408
1955-01-01,-2.358
1955-02-01,2.442
1955-03-01,4.994
1955-04-01,9.858
1955-05-01,17.425
1955-06-01,22.424
1955-07-01,24.036
1955-08-01,23.555
1955-09-01,17.275
1955-10-01,9.869
1955-11-01,5.942
1955-12-01,0.986
1956-01-01,-4.859
1956-02-01,-1.4169999999999998
1956-03-01,3.974
1956-04-01,13.106
1956-05-01,18.409
1956-06-01,20.631
1956-07-01,26.09
1956-08-01,22.81
1956-09-01,17.015
1956-10-01,10.651
1956-11-01,6.3119999999999985
1956-12-01,-2.9789999999999996
1957-01-01,-7.430999999999999
1957-02-01,-5.383000000000001
1957-03-01,5.808
1957-04-01,9.674
1957-05-01,16.706
1957-06-01,21.645
1957-07-01,22.774
1957-08-01,21.753
1957-09-01,17.557000000000002
1957-10-01,9.374
1957-11-01,2.041
1957-12-01,-1.376
1958-01-01,-0.2409999999999997
1958-02-01,2.356
1958-03-01,7.352
1958-04-01,11.106
1958-05-01,14.677
1958-06-01,21.97
1958-07-01,24.654
1958-08-01,21.316999999999997
1958-09-01,16.567
1958-10-01,10.013
1958-11-01,0.7249999999999996
1958-12-01,0.0509999999999999
1959-01-01,-2.343
1959-02-01,-2.142
1959-03-01,3.829
1959-04-01,13.927
1959-05-01,16.472
1959-06-01,21.471
1959-07-01,22.581999999999997
1959-08-01,22.591
1959-09-01,19.65
1959-10-01,10.605
1959-11-01,2.188
1959-12-01,-4.976
1960-01-01,-1.5959999999999996
1960-02-01,2.732
1960-03-01,0.6550000000000002
1960-04-01,9.8
1960-05-01,14.579
1960-06-01,22.264
1960-07-01,22.803
1960-08-01,22.026
1960-09-01,16.685
1960-10-01,10.931
1960-11-01,2.471
1960-12-01,-2.298
1961-01-01,-1.924
1961-02-01,-1.2990000000000002
1961-03-01,5.9529999999999985
1961-04-01,12.464
1961-05-01,20.464
1961-06-01,22.241999999999997
1961-07-01,24.744
1961-08-01,22.424
1961-09-01,17.691
1961-10-01,8.286
1961-11-01,4.2029999999999985
1961-12-01,0.4870000000000001
1962-01-01,-3.345
1962-02-01,2.758
1962-03-01,9.531
1962-04-01,11.467
1962-05-01,17.146
1962-06-01,21.339
1962-07-01,25.269
1962-08-01,22.584
1962-09-01,16.145
1962-10-01,10.138
1962-11-01,-0.056
1962-12-01,-2.776
1963-01-01,-0.2589999999999999
1963-02-01,4.34
1963-03-01,6.621
1963-04-01,12.94
1963-05-01,17.352999999999998
1963-06-01,22.886
1963-07-01,23.769
1963-08-01,21.327
1963-09-01,16.795
1963-10-01,12.277
1963-11-01,4.329
1963-12-01,-1.571
1964-01-01,-7.314
1964-02-01,-1.47
1964-03-01,6.656000000000001
1964-04-01,10.492
1964-05-01,16.428
1964-06-01,21.517
1964-07-01,23.26
1964-08-01,22.055
1964-09-01,16.724
1964-10-01,8.184999999999999
1964-11-01,5.124
1964-12-01,-4.479
1965-01-01,-2.911
1965-02-01,-1.6769999999999998
1965-03-01,4.618
1965-04-01,12.184
1965-05-01,18.803
1965-06-01,22.055999999999997
1965-07-01,24.689
1965-08-01,21.84
1965-09-01,16.674
1965-10-01,10.976
1965-11-01,5.695
1965-12-01,0.26
1966-01-01,0.959
1966-02-01,3.715
1966-03-01,5.172000000000001
1966-04-01,11.289
1966-05-01,15.93
1966-06-01,23.514
1966-07-01,23.978
1966-08-01,22.976
1966-09-01,17.240000000000002
1966-10-01,9.12
1966-11-01,1.2159999999999995
1966-12-01,-1.298
1967-01-01,-3.497
1967-02-01,-1.7380000000000002
1967-03-01,5.744
1967-04-01,12.122
1967-05-01,16.434
1967-06-01,21.471
1967-07-01,23.019
1967-08-01,21.638
1967-09-01,16.468
1967-10-01,9.467
1967-11-01,4.442
1967-12-01,0.6950000000000001
1968-01-01,-0.992
1968-02-01,-1.125
1968-03-01,6.535
1968-04-01,10.422
1968-05-01,16.51
1968-06-01,21.678
1968-07-01,23.331999999999997
1968-08-01,22.066999999999997
1968-09-01,16.602999999999998
1968-10-01,10.028
1968-11-01,4.407
1968-12-01,-2.667
1969-01-01,-10.659
1969-02-01,-10.199
1969-03-01,3.659
1969-04-01,11.239
1969-05-01,16.273
1969-06-01,21.228
1969-07-01,22.542
1969-08-01,21.167
1969-09-01,16.463
1969-10-01,10.305
1969-11-01,3.556
1969-12-01,2.753
1970-01-01,-3.205
1970-02-01,2.9170000000000003
1970-03-01,4.709
1970-04-01,13.321
1970-05-01,18.179
1970-06-01,21.369
1970-07-01,22.906999999999996
1970-08-01,22.538
1970-09-01,16.616
1970-10-01,10.705
1970-11-01,4.771
1970-12-01,-2.213
1971-01-01,-6.867000000000001
1971-02-01,-0.994
1971-03-01,7.287999999999999
1971-04-01,12.081
1971-05-01,17.916
1971-06-01,22.829
1971-07-01,23.555999999999997
1971-08-01,21.068
1971-09-01,17.154
1971-10-01,11.336
1971-11-01,7.416
1971-12-01,3.16
1972-01-01,-6.955
1972-02-01,-9.92
1972-03-01,1.588
1972-04-01,11.704
1972-05-01,16.764
1972-06-01,20.996
1972-07-01,21.52
1972-08-01,20.224
1972-09-01,16.405
1972-10-01,10.752
1972-11-01,6.127000000000001
1972-12-01,-3.037
1973-01-01,-5.861000000000001
1973-02-01,0.282
1973-03-01,4.152
1973-04-01,12.890999999999998
1973-05-01,17.176000000000002
1973-06-01,23.2
1973-07-01,24.796999999999997
1973-08-01,22.177
1973-09-01,15.407
1973-10-01,10.879
1973-11-01,6.147
1973-12-01,-0.5519999999999999
1974-01-01,-6.972
1974-02-01,-6.159000000000002
1974-03-01,4.731
1974-04-01,12.476
1974-05-01,18.19100000000001
1974-06-01,22.08
1974-07-01,24.73
1974-08-01,20.406
1974-09-01,17.322
1974-10-01,10.89
1974-11-01,5.117
1974-12-01,-4.251
1975-01-01,-2.9210000000000003
1975-02-01,-1.825
1975-03-01,6.507000000000001
1975-04-01,13.164
1975-05-01,17.024
1975-06-01,22.718000000000004
1975-07-01,25.178
1975-08-01,22.599
1975-09-01,17.495
1975-10-01,9.659
1975-11-01,0.266
1975-12-01,-1.783
1976-01-01,0.8860000000000006
1976-02-01,-2.438
1976-03-01,2.917
1976-04-01,11.720999999999998
1976-05-01,18.265
1976-06-01,21.779
1976-07-01,24.449
1976-08-01,22.838
1976-09-01,16.156
1976-10-01,8.530999999999999
1976-11-01,0.1999999999999997
1976-12-01,-3.254
1977-01-01,-8.331999999999999
1977-02-01,-1.973
1977-03-01,7.884
1977-04-01,14.686
1977-05-01,18.202
1977-06-01,23.403
1977-07-01,23.79
1977-08-01,21.846
1977-09-01,17.567
1977-10-01,9.828
1977-11-01,6.212000000000001
1977-12-01,-1.491
1978-01-01,-3.937
1978-02-01,-3.955
1978-03-01,4.23
1978-04-01,13.361
1978-05-01,17.259
1978-06-01,22.109
1978-07-01,24.53
1978-08-01,21.316999999999997
1978-09-01,18.524
1978-10-01,11.238
1978-11-01,1.7979999999999998
1978-12-01,2.087
1979-01-01,-3.618
1979-02-01,0.8980000000000001
1979-03-01,5.16
1979-04-01,11.928
1979-05-01,14.29
1979-06-01,20.81
1979-07-01,24.535
1979-08-01,21.954
1979-09-01,16.964000000000002
1979-10-01,12.94
1979-11-01,3.104
1979-12-01,1.61
1980-01-01,-3.265
1980-02-01,-3.477
1980-03-01,4.273
1980-04-01,13.988
1980-05-01,18.34
1980-06-01,22.057
1980-07-01,24.976
1980-08-01,21.827
1980-09-01,17.26
1980-10-01,10.839
1980-11-01,8.03
1980-12-01,1.903
1981-01-01,0.294
1981-02-01,0.8780000000000001
1981-03-01,7.697
1981-04-01,12.157
1981-05-01,17.574
1981-06-01,21.126
1981-07-01,24.025
1981-08-01,21.708
1981-09-01,17.096
1981-10-01,8.884
1981-11-01,5.067
1981-12-01,0.496
1982-01-01,-1.274
1982-02-01,-0.7320000000000001
1982-03-01,4.463
1982-04-01,14.28
1982-05-01,18.766
1982-06-01,21.996
1982-07-01,23.381
1982-08-01,21.552
1982-09-01,16.421
1982-10-01,10.201
1982-11-01,0.52
1982-12-01,-2.699
1983-01-01,-2.411
1983-02-01,2.217
1983-03-01,4.754
1983-04-01,13.03
1983-05-01,17.461000000000002
1983-06-01,22.186
1983-07-01,25.075
1983-08-01,23.631
1983-09-01,17.134
1983-10-01,10.09
1983-11-01,6.657
1983-12-01,-1.017
1984-01-01,-3.723
1984-02-01,-8.462
1984-03-01,4.756
1984-04-01,11.877999999999998
1984-05-01,17.798000000000005
1984-06-01,23.101
1984-07-01,25.647
1984-08-01,24.308000000000003
1984-09-01,16.736
1984-10-01,10.283
1984-11-01,4.947
1984-12-01,-9.76
1985-01-01,-4.758
1985-02-01,0.8719999999999999
1985-03-01,2.924
1985-04-01,14.037
1985-05-01,17.625
1985-06-01,23.503
1985-07-01,25.254
1985-08-01,21.885
1985-09-01,18.131
1985-10-01,9.439
1985-11-01,2.7880000000000003
1985-12-01,-0.2
1986-01-01,-0.4109999999999996
1986-02-01,1.2079999999999995
1986-03-01,2.735
1986-04-01,11.809
1986-05-01,18.353
1986-06-01,21.726999999999997
1986-07-01,24.34800000000001
1986-08-01,22.049
1986-09-01,18.379
1986-10-01,11.157
1986-11-01,3.512
1986-12-01,-1.705
1987-01-01,0.5249999999999999
1987-02-01,1.6840000000000002
1987-03-01,7.0120000000000005
1987-04-01,9.651
1987-05-01,17.149
1987-06-01,20.863000000000003
1987-07-01,22.748
1987-08-01,23.505
1987-09-01,16.969
1987-10-01,6.526999999999999
1987-11-01,3.179
1987-12-01,1.781
1988-01-01,-1.5479999999999996
1988-02-01,-0.3989999999999999
1988-03-01,4.973
1988-04-01,13.98
1988-05-01,15.8
1988-06-01,23.52
1988-07-01,25.229
1988-08-01,22.199
1988-09-01,17.334
1988-10-01,9.848
1988-11-01,7.644
1988-12-01,2.5610000000000004
1989-01-01,-4.6
1989-02-01,-4.1370000000000005
1989-03-01,6.196000000000001
1989-04-01,9.72
1989-05-01,15.778
1989-06-01,21.476999999999997
1989-07-01,24.281999999999996
1989-08-01,22.525
1989-09-01,16.250999999999998
1989-10-01,11.809
1989-11-01,3.451
1989-12-01,2.165
1990-01-01,-3.428
1990-02-01,0.6119999999999999
1990-03-01,5.481
1990-04-01,11.289
1990-05-01,18.452
1990-06-01,24.267
1990-07-01,23.485
1990-08-01,22.921999999999997
1990-09-01,18.311
1990-10-01,10.16
1990-11-01,6.087000000000001
1990-12-01,-1.112
1991-01-01,-3.835
1991-02-01,-0.654
1991-03-01,4.621
1991-04-01,13.098
1991-05-01,16.769000000000002
1991-06-01,21.566999999999997
1991-07-01,24.425
1991-08-01,21.851999999999997
1991-09-01,17.545
1991-10-01,11.126
1991-11-01,4.615
1991-12-01,0.2230000000000001
1992-01-01,-1.0909999999999995
1992-02-01,1.798
1992-03-01,3.432
1992-04-01,12.531
1992-05-01,14.473
1992-06-01,21.059
1992-07-01,23.671
1992-08-01,20.869
1992-09-01,16.129
1992-10-01,10.04
1992-11-01,6.9849999999999985
1992-12-01,1.6940000000000002
1993-01-01,-3.162
1993-02-01,0.5870000000000001
1993-03-01,4.086
1993-04-01,11.793
1993-05-01,14.804000000000002
1993-06-01,21.936
1993-07-01,24.109
1993-08-01,21.335
1993-09-01,17.173000000000002
1993-10-01,8.774
1993-11-01,1.7219999999999998
1993-12-01,-1.84
1994-01-01,-2.889
1994-02-01,-3.78
1994-03-01,6.783
1994-04-01,9.488
1994-05-01,18.222
1994-06-01,23.522
1994-07-01,24.238000000000003
1994-08-01,23.167
1994-09-01,14.686
1994-10-01,11.167
1994-11-01,7.675000000000002
1994-12-01,-0.8909999999999999
1995-01-01,-2.9810000000000003
1995-02-01,0.653
1995-03-01,5.917000000000001
1995-04-01,12.711
1995-05-01,17.742
1995-06-01,23.038
1995-07-01,25.089
1995-08-01,23.396
1995-09-01,17.654
1995-10-01,10.121
1995-11-01,7.242000000000001
1995-12-01,-2.07
1996-01-01,-4.147
1996-02-01,-1.533
1996-03-01,3.603
1996-04-01,10.042
1996-05-01,16.413
1996-06-01,22.12
1996-07-01,24.182
1996-08-01,22.063
1996-09-01,18.267
1996-10-01,10.234
1996-11-01,2.5580000000000003
1996-12-01,1.5970000000000002
1997-01-01,0.0930000000000004
1997-02-01,-0.98
1997-03-01,6.154
1997-04-01,13.65
1997-05-01,16.758000000000006
1997-06-01,22.966
1997-07-01,25.578000000000003
1997-08-01,22.618
1997-09-01,18.246
1997-10-01,14.174
1997-11-01,2.763
1997-12-01,-0.831
1998-01-01,-2.6579999999999995
1998-02-01,-1.899
1998-03-01,4.465
1998-04-01,13.396
1998-05-01,15.771
1998-06-01,21.394
1998-07-01,24.714
1998-08-01,23.594
1998-09-01,18.56
1998-10-01,10.656
1998-11-01,5.779
1998-12-01,2.0340000000000003
1999-01-01,-1.2039999999999995
1999-02-01,4.612
1999-03-01,4.426
1999-04-01,10.515
1999-05-01,17.954
1999-06-01,21.48
1999-07-01,22.96
1999-08-01,24.307
1999-09-01,17.961
1999-10-01,12.603
1999-11-01,3.409
1999-12-01,0.8009999999999999
2000-01-01,-0.7569999999999997
2000-02-01,-0.238
2000-03-01,5.876
2000-04-01,15.076999999999998
2000-05-01,19.450000000000006
2000-06-01,22.48
2000-07-01,24.925
2000-08-01,23.986
2000-09-01,18.272
2000-10-01,8.686
2000-11-01,3.467
2000-12-01,0.9309999999999998
2001-01-01,-3.738
2001-02-01,1.1880000000000002
2001-03-01,8.174
2001-04-01,14.0
2001-05-01,21.261000000000006
2001-06-01,24.456999999999997
2001-07-01,23.708
2001-08-01,22.241
2001-09-01,16.469
2001-10-01,9.836
2001-11-01,6.507000000000001
2001-12-01,-0.1679999999999999
2002-01-01,-0.226
2002-02-01,1.781
2002-03-01,8.118
2002-04-01,11.533
2002-05-01,16.225
2002-06-01,21.71
2002-07-01,23.676
2002-08-01,23.565
2002-09-01,18.096
2002-10-01,13.299
2002-11-01,6.635
2002-12-01,-4.6080000000000005
2003-01-01,0.8540000000000005
2003-02-01,1.54
2003-03-01,4.978
2003-04-01,9.969
2003-05-01,15.5
2003-06-01,21.129
2003-07-01,24.206
2003-08-01,23.002
2003-09-01,18.069000000000003
2003-10-01,12.342
2003-11-01,4.725
2003-12-01,-1.344
2004-01-01,0.4780000000000002
2004-02-01,3.762
2004-03-01,6.8260000000000005
2004-04-01,11.886
2004-05-01,18.558
2004-06-01,23.104
2004-07-01,23.743
2004-08-01,23.003
2004-09-01,18.412
2004-10-01,9.657
2004-11-01,7.567
2004-12-01,-0.1099999999999998
2005-01-01,-1.6689999999999996
2005-02-01,-3.1830000000000003
2005-03-01,8.975
2005-04-01,12.645
2005-05-01,16.838
2005-06-01,23.728
2005-07-01,25.395
2005-08-01,22.022
2005-09-01,19.37
2005-10-01,11.735
2005-11-01,4.621
2005-12-01,0.5270000000000001
2006-01-01,-5.968
2006-02-01,3.196
2006-03-01,8.285
2006-04-01,13.617
2006-05-01,19.653
2006-06-01,23.123
2006-07-01,23.876
2006-08-01,23.622
2006-09-01,17.003
2006-10-01,13.509
2006-11-01,5.664
2006-12-01,-3.2960000000000003
2007-01-01,-1.992
2007-02-01,2.441
2007-03-01,5.766
2007-04-01,14.956
2007-05-01,17.896
2007-06-01,23.528
2007-07-01,24.275
2007-08-01,22.969
2007-09-01,18.088
2007-10-01,8.974
2007-11-01,6.424
2007-12-01,-1.895
2008-01-01,-10.321
2008-02-01,-3.716
2008-03-01,10.916
2008-04-01,13.684
2008-05-01,20.03
2008-06-01,24.678
2008-07-01,25.568
2008-08-01,24.249
2008-09-01,17.467
2008-10-01,10.794
2008-11-01,4.081
2008-12-01,-0.244
2009-01-01,-1.3539999999999996
2009-02-01,2.614
2009-03-01,7.983
2009-04-01,10.137
2009-05-01,16.913
2009-06-01,20.952
2009-07-01,24.417
2009-08-01,22.649
2009-09-01,17.598
2009-10-01,11.399
2009-11-01,4.192
2009-12-01,0.379
2010-01-01,0.5560000000000005
2010-02-01,-0.6020000000000001
2010-03-01,7.864
2010-04-01,13.979
2010-05-01,17.254
2010-06-01,22.05
2010-07-01,23.866
2010-08-01,23.537
2010-09-01,17.31
2010-10-01,12.524
2010-11-01,5.367000000000001
2010-12-01,-0.462
2011-01-01,-2.725
2011-02-01,-0.8960000000000001
2011-03-01,5.797999999999999
2011-04-01,14.352
2011-05-01,19.551
2011-06-01,23.216
2011-07-01,24.856
2011-08-01,23.497
2011-09-01,18.343
2011-10-01,11.627
2011-11-01,2.4019999999999997
2011-12-01,-3.815
2012-01-01,-4.42
2012-02-01,-4.43
2012-03-01,3.89
2012-04-01,15.746
2012-05-01,18.452
2012-06-01,22.745
2012-07-01,24.507
2012-08-01,24.386
2012-09-01,17.782
2012-10-01,11.591
2012-11-01,3.654
2012-12-01,-3.478
2013-01-01,-1.3569999999999998
2013-02-01,1.5619999999999998
2013-03-01,8.631
2013-04-01,12.388
2013-05-01,17.769000000000005
2013-06-01,22.713
2013-07-01,24.465
2013-08-01,23.09
2013-09-01,
